ticker,name,industry,market_cap,beta,sustainability,environmental_risk,social_risk,governance_risk,esg_total
MMM,3M,Industrials,82424496128.0,1.104,0.0,20.0,16.8,7.5,44.2
AOS,A. O. Smith,Industrials,10068340736.0,1.22,0.0,10.4,12.1,5.7,28.2
ABT,Abbott Laboratories,Health Care,230506528768.0,0.705,0.0,2.3,12.1,5.1,19.5
ABBV,AbbVie,Health Care,369476009984.0,0.503,0.0,2.3,15.0,6.8,24.2
ACN,Accenture,Information Technology,158858657792.0,1.29,0.0,2.5,6.9,4.3,13.8
ADBE,Adobe Inc.,Information Technology,149925003264.0,1.517,0.0,2.8,6.8,4.7,14.2
AMD,Advanced Micro Devices,Information Technology,268093177856.0,1.94,0.0,3.0,4.2,5.3,12.5
AES,AES Corporation,Utilities,9399059456.0,0.956,0.0,11.9,9.1,3.3,24.3
AFL,Aflac,Financials,57708265472.0,0.814,0.0,1.3,8.3,9.0,18.6
A,Agilent Technologies,Health Care,33834981376.0,1.219,0.0,1.1,5.0,3.9,10.1
APD,Air Products,Materials,65068113920.0,0.818,0.0,8.4,3.4,2.9,14.8
ABNB,Airbnb,Consumer Discretionary,76505014272.0,1.133,0.0,0.9,9.8,6.7,17.4
AKAM,Akamai Technologies,Information Technology,10905938944.0,0.765,0.0,3.7,8.4,3.8,15.8
ALB,Albemarle Corporation,Materials,9193396224.0,1.638,0.0,11.8,3.8,4.5,20.1
ARE,Alexandria Real Estate Equities,Real Estate,13224047616.0,1.253,0.0,4.0,4.6,7.4,16.0
ALGN,Align Technology,Health Care,10407597056.0,1.611,0.0,2.6,9.6,6.0,18.3
ALLE,Allegion,Industrials,14466851840.0,1.061,0.0,11.8,5.3,3.6,20.6
LNT,Alliant Energy,Utilities,17044753408.0,0.532,0.0,10.8,6.5,4.4,21.7
ALL,Allstate,Financials,56289935360.0,0.343,0.0,1.3,12.6,10.8,24.7
GOOGL,Alphabet Inc. (Class A),Communication Services,2415519334400.0,1.014,0.0,3.3,11.7,10.5,25.5
GOOG,Alphabet Inc. (Class C),Communication Services,2415032008704.0,1.014,0.0,,,,
MO,Altria,Consumer Staples,113526972416.0,0.623,0.0,7.3,15.7,6.0,29.0
AMZN,Amazon,Consumer Discretionary,2386911035392.0,1.314,0.0,8.2,10.8,6.8,25.7
AMCR,Amcor,Materials,19752648704.0,0.735,0.0,11.3,1.1,2.0,14.3
AEE,Ameren,Utilities,27579113472.0,0.461,0.0,13.4,9.8,4.3,27.5
AEP,American Electric Power,Utilities,60725972992.0,0.388,0.0,11.3,9.2,4.1,24.6
AXP,American Express,Financials,214610001920.0,1.283,0.0,0.1,11.9,6.9,19.0
AIG,American International Group,Financials,45721948160.0,0.645,0.0,2.0,10.7,10.7,23.3
AMT,American Tower,Real Estate,98098585600.0,0.832,0.0,4.8,4.2,5.9,14.9
AWK,American Water Works,Utilities,28410316800.0,0.644,0.0,8.9,6.7,3.6,19.2
AMP,Ameriprise Financial,Financials,47644864512.0,1.233,0.0,1.5,7.8,9.1,18.5
AME,Ametek,Industrials,42343104512.0,1.103,0.0,6.6,3.7,4.0,14.3
AMGN,Amgen,Health Care,159597412352.0,0.48,0.0,1.6,14.6,6.1,22.3
APH,Amphenol,Information Technology,132652965888.0,1.133,0.0,8.3,4.8,4.7,17.8
ADI,Analog Devices,Information Technology,121516244992.0,1.052,0.0,7.3,4.5,4.7,16.6
AON,Aon plc,Financials,80644497408.0,0.832,0.0,0.0,6.6,7.8,14.4
APA,APA Corporation,Energy,7277366784.0,1.229,0.0,23.5,9.2,7.4,40.1
APO,Apollo Global Management,Financials,77418135552.0,1.607,0.0,2.5,9.2,11.0,22.7
AAPL,Apple Inc.,Information Technology,3354078740480.0,1.165,0.0,2.3,8.0,8.6,18.9
AMAT,Applied Materials,Information Technology,129170079744.0,1.694,0.0,4.9,3.4,4.6,12.9
APTV,Aptiv,Consumer Discretionary,16364664832.0,1.484,0.0,4.3,4.6,4.0,12.9
ACGL,Arch Capital Group,Financials,34649743360.0,0.475,0.0,1.6,9.9,8.9,20.4
ADM,Archer Daniels Midland,Consumer Staples,29178578944.0,0.662,0.0,20.0,8.6,3.7,32.3
ANET,Arista Networks,Information Technology,165240700928.0,1.37,0.0,3.9,7.5,4.9,16.3
AJG,Arthur J. Gallagher & Co.,Financials,77585702912.0,0.686,0.0,0.2,9.1,8.4,17.8
AIZ,Assurant,Financials,10868911104.0,0.579,0.0,1.5,8.8,9.4,19.7
T,AT&T,Communication Services,209363419136.0,0.622,0.0,4.2,10.5,5.8,20.5
ATO,Atmos Energy,Utilities,26661431296.0,0.683,0.0,14.6,16.1,4.7,35.3
ADSK,Autodesk,Information Technology,61750943744.0,1.468,0.0,3.7,8.0,3.9,15.6
ADP,Automatic Data Processing,Industrials,125170442240.0,0.82,0.0,4.0,7.4,3.7,15.1
AZO,AutoZone,Consumer Discretionary,69559607296.0,0.378,0.0,0.2,6.8,2.9,9.8
AVB,AvalonBay Communities,Real Estate,27141048320.0,0.866,0.0,3.3,2.5,4.7,10.5
AVY,Avery Dennison,Materials,13700587520.0,0.888,0.0,7.1,1.3,2.7,11.0
AXON,Axon Enterprise,Industrials,59733213184.0,1.362,0.0,2.4,20.1,8.0,30.5
BKR,Baker Hughes,Energy,42244911104.0,0.923,0.0,10.2,8.8,6.7,25.6
BALL,Ball Corporation,Materials,14459276288.0,1.082,0.0,11.1,0.9,2.0,14.1
BAC,Bank of America,Financials,358126026752.0,1.315,0.0,1.5,14.3,8.1,23.8
BAX,Baxter International,Health Care,12465582080.0,0.591,0.0,3.6,14.7,5.3,23.5
BDX,Becton Dickinson,Health Care,57096097792.0,0.224,0.0,2.6,11.9,4.9,19.5
BRK.B,Berkshire Hathaway,Financials,,,0.0,,,,
BBY,Best Buy,Consumer Discretionary,15274047488.0,1.228,0.0,2.5,7.9,3.2,13.7
TECH,Bio-Techne,Health Care,8517151744.0,1.394,0.0,3.6,18.0,5.7,27.3
BIIB,Biogen,Health Care,20378019840.0,0.133,0.0,0.4,12.2,6.9,19.6
BLK,BlackRock,Financials,174745403392.0,1.432,0.0,1.5,8.6,8.4,18.6
BX,Blackstone Inc.,Financials,201998761984.0,1.699,0.0,2.4,9.5,13.3,25.2
XYZ,"Block, Inc.",Financials,45218942976.0,2.711,0.0,1.0,11.1,8.7,20.8
BK,BNY Mellon,Financials,71405649920.0,1.118,0.0,0.7,10.6,9.0,20.3
BA,Boeing,Industrials,170604363776.0,1.476,0.0,11.2,20.7,6.5,38.4
BKNG,Booking Holdings,Consumer Discretionary,182784704512.0,1.413,0.0,0.9,9.6,4.0,14.4
BSX,Boston Scientific,Health Care,157139599360.0,0.66,0.0,3.1,10.4,5.3,18.8
BMY,Bristol Myers Squibb,Health Care,98230329344.0,0.372,0.0,1.6,11.7,4.7,17.9
AVGO,Broadcom,Information Technology,1369509462016.0,1.167,0.0,8.1,6.9,4.2,19.2
BR,Broadridge Financial Solutions,Industrials,30671398912.0,0.951,0.0,5.4,9.5,3.2,18.1
BRO,Brown & Brown,Financials,31925506048.0,0.783,0.0,0.3,9.0,9.8,19.2
BF.B,Brown–Forman,Consumer Staples,,,0.0,,,,
BLDR,Builders FirstSource,Industrials,14675113984.0,1.685,0.0,13.6,7.0,6.1,26.7
BG,Bunge Global,Consumer Staples,16479107072.0,0.646,0.0,18.3,9.6,2.5,30.5
BXP,"BXP, Inc.",Real Estate,11745024000.0,1.192,0.0,4.2,3.5,4.5,12.1
CHRW,C.H. Robinson,Industrials,14298458112.0,0.863,0.0,4.5,9.0,4.1,17.6
CDNS,Cadence Design Systems,Information Technology,94131666944.0,0.975,0.0,3.2,8.0,3.4,14.5
CZR,Caesars Entertainment,Consumer Discretionary,5245558272.0,2.402,0.0,3.1,16.1,6.6,25.8
CPT,Camden Property Trust,Real Estate,11586070528.0,0.791,0.0,3.5,4.0,6.9,14.4
CPB,Campbell's Company (The),Consumer Staples,9656429568.0,0.083,0.0,13.8,9.3,3.8,27.0
COF,Capital One,Financials,137310699520.0,1.165,0.0,0.3,12.6,7.5,20.4
CAH,Cardinal Health,Health Care,36523540480.0,0.683,0.0,0.8,6.6,4.2,11.5
KMX,CarMax,Consumer Discretionary,8675662848.0,1.358,0.0,0.3,8.5,3.1,11.9
CCL,Carnival,Consumer Discretionary,39673049088.0,2.707,0.0,8.1,9.1,4.3,21.5
CARR,Carrier Global,Industrials,56882372608.0,1.256,0.0,8.0,4.7,3.7,16.3
CAT,Caterpillar Inc.,Industrials,197037588480.0,1.397,0.0,10.2,11.8,6.4,28.3
CBOE,Cboe Global Markets,Financials,26349357056.0,0.456,0.0,2.7,8.1,10.7,21.5
CBRE,CBRE Group,Real Estate,47858581504.0,1.347,0.0,1.5,3.1,4.5,9.1
CDW,CDW Corporation,Information Technology,21875392512.0,0.94,0.0,1.8,3.4,2.3,7.5
COR,Cencora,Health Care,58878812160.0,0.579,0.0,1.2,6.6,4.7,12.6
CNC,Centene Corporation,Health Care,14439309312.0,0.4,0.0,0.1,9.8,3.2,13.1
CNP,CenterPoint Energy,Utilities,25135302656.0,0.572,0.0,13.9,11.0,4.2,29.1
CF,CF Industries,Materials,13837352960.0,0.923,0.0,19.1,9.0,3.0,31.1
CRL,Charles River Laboratories,Health Care,7853602304.0,1.481,0.0,1.9,11.1,5.2,18.1
SCHW,Charles Schwab Corporation,Financials,173371670528.0,0.955,0.0,2.5,12.1,11.1,25.8
CHTR,Charter Communications,Communication Services,36417892352.0,1.022,0.0,5.9,12.9,5.1,24.0
CVX,Chevron Corporation,Energy,308710703104.0,0.841,0.0,19.0,9.6,7.5,36.1
CMG,Chipotle Mexican Grill,Consumer Discretionary,57751699456.0,1.049,0.0,9.9,9.7,2.9,22.4
CB,Chubb Limited,Financials,111505612800.0,0.541,0.0,2.5,10.9,10.0,23.3
CHD,Church & Dwight,Consumer Staples,23120930816.0,0.425,0.0,7.0,9.6,6.1,22.6
CI,Cigna,Health Care,81298259968.0,0.476,0.0,0.1,6.5,3.3,9.9
CINF,Cincinnati Financial,Financials,24027170816.0,0.71,0.0,1.4,10.0,11.7,23.1
CTAS,Cintas,Industrials,87337418752.0,1.017,0.0,3.0,8.7,4.9,16.6
CSCO,Cisco,Information Technology,265755607040.0,0.909,0.0,0.4,7.5,5.1,12.9
C,Citigroup,Financials,171516641280.0,1.366,0.0,1.1,10.6,7.9,19.6
CFG,Citizens Financial Group,Financials,21054144512.0,1.118,0.0,1.5,10.5,11.4,23.5
CLX,Clorox,Consumer Staples,14829966336.0,0.486,0.0,10.1,9.0,4.4,23.5
CME,CME Group,Financials,98963947520.0,0.457,0.0,4.2,7.2,6.9,18.3
CMS,CMS Energy,Utilities,21854449664.0,0.348,0.0,13.6,8.3,3.5,25.5
KO,Coca-Cola Company (The),Consumer Staples,304269426688.0,0.437,0.0,12.7,10.6,5.0,28.3
CTSH,Cognizant,Information Technology,34427031552.0,0.893,0.0,4.8,9.0,4.2,17.9
COIN,Coinbase,Financials,78209359872.0,3.712,0.0,5.7,11.6,9.6,26.9
CL,Colgate-Palmolive,Consumer Staples,69547417600.0,0.353,0.0,8.1,9.9,5.0,23.0
CMCSA,Comcast,Communication Services,122913669120.0,0.922,0.0,4.1,9.9,8.0,22.0
CAG,Conagra Brands,Consumer Staples,9214860288.0,0.077,0.0,12.2,12.0,3.4,27.6
COP,ConocoPhillips,Energy,118511919104.0,0.677,0.0,20.4,10.2,6.1,36.8
ED,Consolidated Edison,Utilities,36699947008.0,0.227,0.0,7.0,9.2,5.8,22.0
STZ,Constellation Brands,Consumer Staples,29322180608.0,0.669,0.0,11.0,11.7,4.0,26.7
CEG,Constellation Energy,Utilities,98161090560.0,1.142,0.0,10.6,14.5,3.5,28.7
COO,Cooper Companies (The),Health Care,14664205312.0,1.001,0.0,2.9,7.5,4.3,14.8
CPRT,Copart,Industrials,46035824640.0,1.044,0.0,2.9,10.1,5.1,18.1
GLW,Corning Inc.,Information Technology,55337586688.0,1.065,0.0,8.4,4.5,4.6,17.5
CPAY,Corpay,Financials,22343809024.0,0.961,0.0,5.2,11.6,5.5,22.4
CTVA,Corteva,Materials,49547137024.0,0.746,0.0,15.2,14.3,4.3,33.8
CSGP,CoStar Group,Real Estate,37387112448.0,0.851,0.0,4.9,9.6,6.3,20.9
COST,Costco,Consumer Staples,441068912640.0,0.952,0.0,8.5,15.5,5.0,29.0
CTRA,Coterra,Energy,17727741952.0,0.306,0.0,20.9,9.2,6.2,36.3
CRWD,CrowdStrike,Information Technology,104477286400.0,1.132,0.0,0.3,12.3,5.9,18.6
CCI,Crown Castle,Real Estate,44792446976.0,0.912,0.0,6.9,2.7,4.5,14.1
CSX,CSX Corporation,Industrials,67095441408.0,1.247,0.0,7.7,13.2,2.9,23.8
CMI,Cummins,Industrials,54611480576.0,1.007,0.0,10.4,8.1,4.8,23.3
CVS,CVS Health,Health Care,89823125504.0,0.588,0.0,0.1,13.2,4.1,17.4
DHR,Danaher Corporation,Health Care,151373381632.0,0.761,0.0,1.0,3.3,4.2,8.5
DRI,Darden Restaurants,Consumer Discretionary,24192296960.0,0.746,0.0,11.8,12.7,4.1,28.6
DDOG,Datadog,Information Technology,44799782912.0,1.021,0.0,1.5,8.7,6.1,16.3
DVA,DaVita,Health Care,9825529856.0,1.088,0.0,0.1,14.4,7.3,21.8
DAY,Dayforce,Industrials,10763308032.0,1.109,0.0,3.5,8.7,3.9,16.1
DECK,Deckers Brands,Consumer Discretionary,15435090944.0,0.991,0.0,3.2,7.9,3.1,14.2
DE,Deere & Company,Industrials,133441880064.0,1.067,0.0,2.3,9.1,4.7,16.1
DELL,Dell Technologies,Information Technology,86901555200.0,1.095,0.0,2.3,7.0,4.6,13.9
DAL,Delta Air Lines,Industrials,38556577792.0,1.559,0.0,11.4,13.9,5.2,30.5
DVN,Devon Energy,Energy,21443543040.0,1.109,0.0,19.8,7.9,4.9,32.5
DXCM,Dexcom,Health Care,32027297792.0,1.439,0.0,4.4,10.4,5.4,20.2
FANG,Diamondback Energy,Energy,39911436288.0,1.066,0.0,20.0,9.9,7.4,37.3
DLR,Digital Realty,Real Estate,57422745600.0,0.941,0.0,4.8,2.6,4.8,12.2
DG,Dollar General,Consumer Staples,25275154432.0,0.312,0.0,3.6,14.5,3.0,21.1
DLTR,Dollar Tree,Consumer Staples,23655692288.0,0.884,0.0,3.6,12.0,2.0,17.6
D,Dominion Energy,Utilities,52503257088.0,0.56,0.0,15.9,12.3,5.5,33.8
DPZ,Domino's,Consumer Discretionary,15034609664.0,1.096,0.0,11.6,13.4,6.2,31.2
DASH,DoorDash,Consumer Discretionary,104158691328.0,1.701,0.0,1.1,14.3,8.2,23.6
DOV,Dover Corporation,Industrials,24511332352.0,1.257,0.0,12.0,9.9,3.6,25.5
DOW,Dow Inc.,Materials,17068963840.0,0.856,0.0,14.6,4.1,3.6,22.4
DHI,D. R. Horton,Consumer Discretionary,48704516096.0,1.343,0.0,9.0,6.3,3.9,19.2
DTE,DTE Energy,Utilities,29164040192.0,0.423,0.0,15.6,13.9,5.2,34.6
DUK,Duke Energy,Utilities,96798638080.0,0.341,0.0,13.7,10.0,2.6,26.3
DD,DuPont,Materials,31186042880.0,1.042,0.0,16.2,7.2,3.7,27.2
EMN,Eastman Chemical Company,Materials,7650107904.0,1.227,0.0,20.8,8.1,4.8,33.7
ETN,Eaton Corporation,Industrials,134783442944.0,1.163,0.0,7.6,9.3,4.3,21.1
EBAY,eBay Inc.,Consumer Discretionary,45311549440.0,1.268,0.0,3.2,10.0,5.2,18.3
ECL,Ecolab,Materials,80966426624.0,1.069,0.0,11.1,7.1,5.5,23.6
EIX,Edison International,Utilities,21535309824.0,0.757,0.0,8.2,12.1,3.7,23.9
EW,Edwards Lifesciences,Health Care,47784071168.0,1.081,0.0,3.1,12.8,4.9,20.7
EA,Electronic Arts,Communication Services,42867965952.0,0.717,0.0,0.3,7.9,3.8,12.1
ELV,Elevance Health,Health Care,69805178880.0,0.588,0.0,0.1,5.3,4.0,9.3
EMR,Emerson Electric,Industrials,73664888832.0,1.311,0.0,9.7,12.0,4.5,26.2
ENPH,Enphase Energy,Information Technology,4665195520.0,1.589,0.0,4.8,8.8,6.3,19.9
ETR,Entergy,Utilities,40100921344.0,0.55,0.0,13.3,7.4,4.4,25.1
EOG,EOG Resources,Energy,64623734784.0,0.817,0.0,23.3,8.3,6.3,37.9
EPAM,EPAM Systems,Information Technology,9270192128.0,1.667,0.0,5.7,15.6,5.8,27.1
EQT,EQT Corporation,Energy,32039088128.0,0.593,0.0,16.6,9.4,5.8,31.8
EFX,Equifax,Industrials,30595975168.0,1.641,0.0,0.2,16.8,5.2,22.2
EQIX,Equinix,Real Estate,75970838528.0,0.888,0.0,3.2,3.9,5.3,12.5
EQR,Equity Residential,Real Estate,25376878592.0,0.935,0.0,4.2,3.0,5.2,12.4
ERIE,Erie Indemnity,Financials,19048165376.0,0.319,0.0,0.4,10.8,11.5,22.7
ESS,Essex Property Trust,Real Estate,18098708480.0,0.81,0.0,4.4,2.7,6.0,13.2
EL,Estée Lauder Companies (The),Consumer Staples,31143731200.0,1.176,0.0,5.5,9.4,6.1,21.0
EG,Everest Group,Financials,14408361984.0,0.492,0.0,1.4,7.9,10.3,19.6
EVRG,Evergy,Utilities,16709253120.0,0.455,0.0,13.5,9.5,3.8,26.8
ES,Eversource Energy,Utilities,24385966080.0,0.619,0.0,4.9,10.6,4.8,20.3
EXC,Exelon,Utilities,45328351232.0,0.456,0.0,5.3,11.3,4.5,21.1
EXE,Expand Energy,Energy,22385723392.0,0.45,0.0,21.9,12.1,6.0,40.0
EXPE,Expedia Group,Consumer Discretionary,25445906432.0,1.613,0.0,2.7,11.7,7.2,21.7
EXPD,Expeditors International,Industrials,16189920256.0,1.038,0.0,5.1,9.0,4.3,18.4
EXR,Extra Space Storage,Real Estate,30944362496.0,1.08,0.0,4.9,4.0,4.9,13.8
XOM,ExxonMobil,Energy,462690516992.0,0.502,0.0,25.5,11.9,7.7,45.1
FFIV,"F5, Inc.",Information Technology,18141251584.0,1.033,0.0,4.9,9.5,3.8,18.2
FDS,FactSet,Financials,14655428608.0,0.822,0.0,3.7,6.2,5.6,15.5
FICO,Fair Isaac,Information Technology,32263612416.0,1.277,0.0,6.0,8.2,6.3,20.4
FAST,Fastenal,Industrials,56854089728.0,0.949,0.0,5.7,6.6,6.3,18.7
FRT,Federal Realty Investment Trust,Real Estate,8369670656.0,1.156,0.0,3.1,5.7,3.7,12.4
FDX,FedEx,Industrials,53609746432.0,1.31,0.0,5.9,9.4,3.9,19.2
FIS,Fidelity National Information Services,Financials,36441161728.0,1.054,0.0,5.4,10.0,2.8,18.3
FITB,Fifth Third Bancorp,Financials,28527327232.0,0.933,0.0,1.0,9.7,7.3,18.0
FSLR,First Solar,Information Technology,22140276736.0,1.48,0.0,8.0,4.6,5.7,18.3
FE,FirstEnergy,Utilities,25163268096.0,0.46,0.0,12.4,10.8,4.3,27.4
FI,Fiserv,Financials,76081283072.0,0.908,0.0,5.2,10.1,3.8,19.1
F,Ford Motor Company,Consumer Discretionary,45728591872.0,1.498,0.0,12.8,7.1,7.6,27.5
FTNT,Fortinet,Information Technology,61002436608.0,1.079,0.0,3.6,8.7,3.6,15.9
FTV,Fortive,Industrials,16253662208.0,1.065,0.0,14.1,12.9,3.4,30.5
FOXA,Fox Corporation (Class A),Communication Services,25095450624.0,0.546,0.0,0.3,6.5,3.6,10.4
FOX,Fox Corporation (Class B),Communication Services,25113839616.0,0.546,0.0,,,,
BEN,Franklin Resources,Financials,12751428608.0,1.491,0.0,2.4,8.0,9.1,19.5
FCX,Freeport-McMoRan,Materials,59311661056.0,1.628,0.0,16.4,5.7,3.4,25.5
GRMN,Garmin,Consumer Discretionary,44302491648.0,0.999,0.0,4.9,11.8,4.4,21.1
IT,Gartner,Information Technology,18494683136.0,1.192,0.0,3.8,7.4,4.5,15.8
GE,GE Aerospace,Industrials,282543620096.0,1.447,0.0,12.1,15.9,6.2,34.1
GEHC,GE HealthCare,Health Care,33726234624.0,1.281,0.0,2.6,14.2,4.5,21.4
GEV,GE Vernova,Industrials,164583915520.0,,0.0,7.1,9.1,5.6,21.8
GEN,Gen Digital,Information Technology,19362920448.0,0.995,0.0,3.0,7.9,3.6,14.5
GNRC,Generac,Industrials,11127903232.0,1.681,0.0,11.4,10.9,6.4,28.8
GD,General Dynamics,Industrials,85399896064.0,0.493,0.0,9.3,17.6,6.2,33.2
GIS,General Mills,Consumer Staples,26541813760.0,-0.009,0.0,10.6,10.3,2.7,23.6
GM,General Motors,Consumer Discretionary,54049468416.0,1.357,0.0,8.2,14.1,5.3,27.6
GPC,Genuine Parts Company,Consumer Discretionary,19054213120.0,0.756,0.0,4.3,5.1,3.2,12.6
GILD,Gilead Sciences,Health Care,147321372672.0,0.347,0.0,2.1,14.8,4.9,21.8
GPN,Global Payments,Financials,20808402944.0,0.939,0.0,4.7,11.2,4.1,20.0
GL,Globe Life,Financials,11267588096.0,0.557,0.0,1.3,11.9,10.4,23.6
GDDY,GoDaddy,Information Technology,20259241984.0,1.08,0.0,4.5,8.8,5.2,18.4
GS,Goldman Sachs,Financials,218164969472.0,1.37,0.0,0.8,13.5,11.0,25.2
HAL,Halliburton,Energy,17989902336.0,1.128,0.0,12.6,8.5,6.7,27.9
HIG,Hartford (The),Financials,37668614144.0,0.667,0.0,1.4,9.3,6.4,17.0
HAS,Hasbro,Consumer Discretionary,11175166976.0,0.599,0.0,1.2,3.4,2.7,7.3
HCA,HCA Healthcare,Health Care,95979659264.0,1.4,0.0,4.6,17.8,5.4,27.7
DOC,Healthpeak Properties,Real Estate,11966573568.0,1.019,0.0,4.6,3.5,3.5,11.6
HSIC,Henry Schein,Health Care,8323835392.0,0.817,0.0,2.8,5.9,5.8,14.5
HSY,Hershey Company (The),Consumer Staples,36812648448.0,0.261,0.0,9.9,9.8,4.1,23.7
HPE,Hewlett Packard Enterprise,Information Technology,27609110528.0,1.383,0.0,0.9,6.6,3.7,11.2
HLT,Hilton Worldwide,Consumer Discretionary,63478857728.0,1.267,0.0,7.1,7.8,3.1,18.1
HOLX,Hologic,Health Care,15293531136.0,0.49,0.0,4.3,12.3,5.3,21.9
HD,Home Depot (The),Consumer Discretionary,399702360064.0,1.0,0.0,3.6,6.4,2.7,12.6
HON,Honeywell,Industrials,137772646400.0,1.065,0.0,12.6,9.1,6.3,28.0
HRL,Hormel Foods,Consumer Staples,15748992000.0,0.31,0.0,14.6,10.3,5.0,29.8
HST,Host Hotels & Resorts,Real Estate,11226451968.0,1.355,0.0,4.4,3.2,5.2,12.9
HWM,Howmet Aerospace,Industrials,69313486848.0,1.482,0.0,7.7,12.7,3.4,23.7
HPQ,HP Inc.,Information Technology,24862556160.0,1.309,0.0,0.2,5.9,4.5,10.6
HUBB,Hubbell Incorporated,Industrials,22848073728.0,0.979,0.0,8.6,6.1,3.2,17.8
HUM,Humana,Health Care,34878881792.0,0.448,0.0,0.1,11.9,3.8,15.8
HBAN,Huntington Bancshares,Financials,24509685760.0,0.958,0.0,1.5,7.4,7.3,16.1
HII,Huntington Ingalls Industries,Industrials,10480772096.0,0.319,0.0,11.6,16.8,5.7,34.0
IBM,IBM,Information Technology,225939931136.0,0.677,0.0,1.6,6.7,5.0,13.3
IEX,IDEX Corporation,Industrials,12382501888.0,1.031,0.0,13.8,11.8,5.1,30.6
IDXX,Idexx Laboratories,Health Care,51191009280.0,1.496,0.0,2.8,7.0,5.3,15.1
ITW,Illinois Tool Works,Industrials,76378824704.0,1.108,0.0,10.3,10.1,5.9,26.3
INCY,Incyte,Health Care,16832790528.0,0.716,0.0,3.1,15.9,4.6,23.7
IR,Ingersoll Rand,Industrials,31414685696.0,1.413,0.0,10.0,6.9,2.2,19.2
PODD,Insulet Corporation,Health Care,23440701440.0,1.348,0.0,3.0,11.6,4.4,19.1
INTC,Intel,Information Technology,103034585088.0,1.218,0.0,7.6,6.9,4.4,18.8
ICE,Intercontinental Exchange,Financials,103780286464.0,1.12,0.0,3.2,9.3,6.4,18.9
IFF,International Flavors & Fragrances,Materials,16943134720.0,1.055,0.0,12.4,6.2,4.5,23.1
IP,International Paper,Materials,24820432896.0,0.994,0.0,12.8,6.5,2.0,21.3
IPG,Interpublic Group of Companies (The),Communication Services,9746337792.0,1.041,0.0,0.0,5.0,3.9,8.9
INTU,Intuit,Information Technology,195025813504.0,1.287,0.0,1.1,8.9,3.4,13.4
ISRG,Intuitive Surgical,Health Care,172230279168.0,1.599,0.0,2.5,9.8,5.5,17.9
IVZ,Invesco,Financials,9267132416.0,1.512,0.0,1.6,10.3,9.7,21.6
INVH,Invitation Homes,Real Estate,18727393280.0,0.779,0.0,6.4,5.0,4.6,16.0
IQV,IQVIA,Health Care,32646799360.0,1.3,0.0,1.8,11.0,5.0,17.8
IRM,Iron Mountain,Real Estate,26962319360.0,1.094,0.0,4.4,3.8,4.4,12.7
JBHT,J.B. Hunt,Industrials,13796803584.0,1.284,0.0,5.8,10.4,4.9,21.1
JBL,Jabil,Information Technology,21898442752.0,1.2,0.0,2.8,2.7,3.2,8.7
JKHY,Jack Henry & Associates,Financials,11927261184.0,0.739,0.0,5.8,11.4,5.1,22.2
J,Jacobs Solutions,Industrials,17516804096.0,0.777,0.0,7.5,11.4,5.0,23.9
JNJ,Johnson & Johnson,Health Care,430707507200.0,0.399,0.0,2.1,14.5,6.1,22.6
JCI,Johnson Controls,Industrials,69364809728.0,1.311,0.0,7.5,5.1,3.4,15.9
JPM,JPMorgan Chase,Financials,803586899968.0,1.107,0.0,1.9,12.7,9.0,23.6
K,Kellanova,Consumer Staples,27827427328.0,0.28,0.0,14.9,12.0,4.1,31.0
KVUE,Kenvue,Consumer Staples,41509482496.0,0.785,0.0,9.5,8.6,5.3,23.4
KDP,Keurig Dr Pepper,Consumer Staples,47789916160.0,0.465,0.0,10.9,10.6,2.3,23.7
KEY,KeyCorp,Financials,19978592256.0,1.112,0.0,1.6,11.6,12.0,25.2
KEYS,Keysight Technologies,Information Technology,27280996352.0,1.116,0.0,4.5,1.4,3.1,9.0
KMB,Kimberly-Clark,Consumer Staples,44213002240.0,0.341,0.0,10.0,8.9,5.1,24.0
KIM,Kimco Realty,Real Estate,14647835648.0,1.325,0.0,4.5,2.5,4.1,11.2
KMI,Kinder Morgan,Energy,59040665600.0,0.784,0.0,8.9,9.2,5.0,23.1
KKR,KKR & Co.,Financials,127804637184.0,1.875,0.0,3.0,10.8,10.3,24.2
KLAC,KLA Corporation,Information Technology,115919822848.0,1.432,0.0,4.9,4.6,3.4,12.9
KHC,Kraft Heinz,Consumer Staples,32454311936.0,0.2,0.0,13.0,11.8,2.9,27.8
KR,Kroger,Consumer Staples,47490834432.0,0.58,0.0,9.0,12.0,5.7,26.7
LHX,L3Harris,Industrials,51666284544.0,0.771,0.0,10.3,9.4,5.1,24.7
LH,Labcorp,Health Care,23110111232.0,0.757,0.0,0.6,13.5,6.0,20.1
LRCX,Lam Research,Information Technology,125486219264.0,1.661,0.0,4.9,4.3,4.1,13.2
LW,Lamb Weston,Consumer Staples,7691002880.0,0.482,0.0,11.5,8.7,2.6,22.8
LVS,Las Vegas Sands,Consumer Discretionary,36807663616.0,1.07,0.0,2.3,10.7,5.9,18.8
LDOS,Leidos,Industrials,23113988096.0,0.661,0.0,5.3,9.3,3.9,18.5
LEN,Lennar,Consumer Discretionary,33574864896.0,1.312,0.0,10.3,9.0,6.3,25.5
LII,Lennox International,Industrials,20691023872.0,1.106,0.0,12.0,4.7,5.8,22.4
LLY,Lilly (Eli),Health Care,632396644352.0,0.436,0.0,3.8,13.6,6.6,24.0
LIN,Linde plc,Materials,226183430144.0,0.929,0.0,8.3,1.4,2.1,11.8
LYV,Live Nation Entertainment,Communication Services,37552705536.0,1.463,0.0,0.4,8.5,7.6,16.4
LKQ,LKQ Corporation,Consumer Discretionary,7878311424.0,0.916,0.0,4.0,4.1,2.8,11.0
LMT,Lockheed Martin,Industrials,104125382656.0,0.262,0.0,8.0,12.5,6.3,26.7
L,Loews Corporation,Financials,20058093568.0,0.694,0.0,2.8,12.5,14.1,29.3
LOW,Lowe's,Consumer Discretionary,144111042560.0,0.886,0.0,3.1,5.8,2.4,11.3
LULU,Lululemon Athletica,Consumer Discretionary,23744878592.0,1.167,0.0,1.8,7.9,4.4,14.1
LYB,LyondellBasell,Materials,17796784128.0,0.867,0.0,13.1,2.6,3.6,19.3
MTB,M&T Bank,Financials,30188042240.0,0.621,0.0,1.6,8.2,8.1,17.9
MPC,Marathon Petroleum,Energy,50412597248.0,0.874,0.0,16.9,8.0,2.8,27.8
MKTX,MarketAxess,Financials,7066241536.0,0.837,0.0,3.5,6.2,6.4,16.0
MAR,Marriott International,Consumer Discretionary,71537319936.0,1.441,0.0,8.1,9.3,3.6,21.0
MMC,Marsh McLennan,Financials,103835910144.0,0.775,0.0,0.2,10.0,7.5,17.7
MLM,Martin Marietta Materials,Materials,36219781120.0,0.891,0.0,13.8,6.0,3.8,23.6
MAS,Masco,Industrials,15287758848.0,1.163,0.0,11.4,6.8,5.1,23.3
MA,Mastercard,Financials,535789830144.0,1.029,0.0,1.6,8.4,4.3,14.3
MTCH,Match Group,Communication Services,8905419776.0,1.37,0.0,1.3,9.0,6.6,16.9
MKC,McCormick & Company,Consumer Staples,18752436224.0,0.66,0.0,11.6,12.6,4.1,28.3
MCD,McDonald's,Consumer Discretionary,223415123968.0,0.521,0.0,9.9,13.0,5.6,28.5
MCK,McKesson Corporation,Health Care,87434485760.0,0.497,0.0,1.6,7.0,4.0,12.6
MDT,Medtronic,Health Care,119439065088.0,0.817,0.0,2.0,10.3,6.0,18.3
MRK,Merck & Co.,Health Care,211462062080.0,0.392,0.0,2.8,10.2,6.0,19.0
META,Meta Platforms,Communication Services,1878377234432.0,1.273,0.0,2.5,21.6,8.7,32.8
MET,MetLife,Financials,52557000704.0,0.831,0.0,1.0,7.7,7.7,16.4
MTD,Mettler Toledo,Health Care,27126411264.0,1.346,0.0,0.9,6.7,3.1,10.7
MGM,MGM Resorts,Consumer Discretionary,9883255808.0,1.816,0.0,1.0,12.7,10.6,24.3
MCHP,Microchip Technology,Information Technology,36029038592.0,1.537,0.0,10.5,6.8,6.6,23.9
MU,Micron Technology,Information Technology,131173220352.0,1.374,0.0,8.9,5.0,4.9,18.8
MSFT,Microsoft,Information Technology,3759102754816.0,1.055,0.0,3.7,8.4,4.8,16.9
MAA,Mid-America Apartment Communities,Real Estate,17086189568.0,0.747,0.0,4.3,3.2,6.3,13.8
MRNA,Moderna,Health Care,10462360576.0,1.829,0.0,2.8,12.2,4.2,19.2
MHK,Mohawk Industries,Consumer Discretionary,7707462144.0,1.283,0.0,5.8,3.4,4.2,13.4
MOH,Molina Healthcare,Health Care,9409120256.0,0.517,0.0,0.3,16.8,6.0,23.0
TAP,Molson Coors Beverage Company,Consumer Staples,10151814144.0,0.669,0.0,12.4,10.9,4.8,28.2
MDLZ,Mondelez International,Consumer Staples,81738817536.0,0.468,0.0,9.4,9.0,3.7,22.1
MPWR,Monolithic Power Systems,Information Technology,39571722240.0,1.183,0.0,4.7,5.7,6.7,17.1
MNST,Monster Beverage,Consumer Staples,62872199168.0,0.551,0.0,12.9,11.8,4.4,29.0
MCO,Moody's Corporation,Financials,92360925184.0,1.395,0.0,2.2,6.3,6.0,14.4
MS,Morgan Stanley,Financials,230064504832.0,1.32,0.0,1.3,11.8,11.7,24.8
MOS,Mosaic Company (The),Materials,10298915840.0,1.127,0.0,16.0,10.4,5.3,31.7
MSI,Motorola Solutions,Information Technology,76992708608.0,0.977,0.0,5.5,7.3,4.5,17.4
MSCI,MSCI Inc.,Financials,44426964992.0,1.291,0.0,2.3,5.5,6.6,14.4
NDAQ,"Nasdaq, Inc.",Financials,54223626240.0,1.008,0.0,0.1,7.1,6.5,13.6
NTAP,NetApp,Information Technology,21694734336.0,1.438,0.0,2.9,6.6,4.3,13.9
NFLX,Netflix,Communication Services,515800694784.0,1.589,0.0,0.2,7.4,8.4,15.9
NEM,Newmont,Materials,75793055744.0,0.318,0.0,10.3,12.4,3.3,26.0
NWSA,News Corp (Class A),Communication Services,17591449600.0,1.24,0.0,0.1,4.3,6.4,10.8
NWS,News Corp (Class B),Communication Services,17554483200.0,1.24,0.0,,,,
NEE,NextEra Energy,Utilities,156876718080.0,0.616,0.0,9.9,12.2,4.6,26.7
NKE,"Nike, Inc.",Consumer Discretionary,112628391936.0,1.276,0.0,4.6,8.8,4.5,17.9
NI,NiSource,Utilities,20030173184.0,0.535,0.0,9.4,8.1,3.2,20.6
NDSN,Nordson Corporation,Industrials,12065780736.0,0.894,0.0,12.4,10.2,4.3,26.9
NSC,Norfolk Southern,Industrials,64050823168.0,1.297,0.0,8.6,12.6,3.5,24.7
NTRS,Northern Trust,Financials,24381726720.0,1.299,0.0,1.4,11.0,11.7,24.1
NOC,Northrop Grumman,Industrials,84841660416.0,0.145,0.0,10.8,14.7,4.7,30.2
NCLH,Norwegian Cruise Line Holdings,Consumer Discretionary,10778697728.0,2.25,0.0,7.5,8.2,4.8,20.5
NRG,NRG Energy,Utilities,28664541184.0,1.138,0.0,18.9,10.2,5.1,34.3
NUE,Nucor,Materials,32931387392.0,1.751,0.0,9.8,13.6,6.1,29.5
NVDA,Nvidia,Information Technology,4277585051648.0,2.145,0.0,2.8,3.6,5.7,12.1
NVR,"NVR, Inc.",Consumer Discretionary,22193137664.0,0.941,0.0,9.6,8.4,4.6,22.6
NXPI,NXP Semiconductors,Information Technology,57676349440.0,1.423,0.0,8.6,4.3,3.8,16.7
ORLY,O’Reilly Automotive,Consumer Discretionary,88243691520.0,0.559,0.0,0.3,8.4,3.0,11.8
OXY,Occidental Petroleum,Energy,43581157376.0,0.914,0.0,20.0,8.6,6.2,34.8
ODFL,Old Dominion,Industrials,31575642112.0,1.247,0.0,4.4,7.8,3.4,15.6
OMC,Omnicom Group,Communication Services,15054215168.0,0.957,0.0,0.2,8.9,5.3,14.4
ON,ON Semiconductor,Information Technology,20231944192.0,1.449,0.0,11.7,5.6,4.1,21.3
OKE,Oneok,Energy,46400425984.0,0.99,0.0,9.5,12.0,5.2,26.6
ORCL,Oracle Corporation,Information Technology,660243546112.0,1.431,0.0,1.6,6.5,6.6,14.6
OTIS,Otis Worldwide,Industrials,34977374208.0,0.943,0.0,9.1,8.9,3.2,21.2
PCAR,Paccar,Industrials,51554615296.0,0.917,0.0,11.8,11.9,7.5,31.2
PKG,Packaging Corporation of America,Materials,17826598912.0,0.871,0.0,12.0,1.5,3.8,17.3
PLTR,Palantir Technologies,Information Technology,370108760064.0,2.597,0.0,5.7,9.9,5.8,21.4
PANW,Palo Alto Networks,Information Technology,123187429376.0,0.943,0.0,0.1,8.0,4.9,12.9
PSKY,Paramount Skydance Corporation,Communication Services,15324176384.0,1.188,0.0,0.2,7.7,5.8,13.6
PH,Parker Hannifin,Industrials,94935220224.0,1.369,0.0,11.5,11.9,5.8,29.2
PAYX,Paychex,Industrials,50030690304.0,0.906,0.0,4.3,8.5,5.1,18.0
PAYC,Paycom,Industrials,12767434752.0,0.817,0.0,6.0,8.5,4.5,19.0
PYPL,PayPal,Financials,65042132992.0,1.422,0.0,4.3,10.6,4.1,19.0
PNR,Pentair,Industrials,17219313664.0,1.071,0.0,12.5,10.1,5.8,28.3
PEP,PepsiCo,Consumer Staples,206361427968.0,0.457,0.0,8.7,7.0,3.6,19.4
PFE,Pfizer,Health Care,144299261952.0,0.44,0.0,2.7,9.5,6.4,18.6
PCG,PG&E Corporation,Utilities,33758820352.0,0.545,0.0,9.9,17.7,3.1,30.7
PM,Philip Morris International,Consumer Staples,269056589824.0,0.507,0.0,6.1,13.6,7.3,27.0
PSX,Phillips 66,Energy,49937600512.0,1.064,0.0,22.1,9.6,3.6,35.3
PNW,Pinnacle West Capital,Utilities,11024306176.0,0.382,0.0,13.1,8.2,4.9,26.3
PNC,PNC Financial Services,Financials,76792365056.0,1.09,0.0,1.9,13.1,8.7,23.7
POOL,Pool Corporation,Consumer Discretionary,11753304064.0,1.066,0.0,3.2,5.1,2.2,10.6
PPG,PPG Industries,Materials,25291941888.0,1.156,0.0,16.8,8.4,4.6,29.7
PPL,PPL Corporation,Utilities,27428612096.0,0.657,0.0,15.3,8.8,3.8,27.9
PFG,Principal Financial Group,Financials,17536296960.0,0.996,0.0,0.4,5.2,4.8,10.4
PG,Procter & Gamble,Consumer Staples,373631418368.0,0.373,0.0,9.4,10.5,5.7,25.7
PGR,Progressive Corporation,Financials,148123287552.0,0.332,0.0,1.0,9.4,9.4,19.8
PLD,Prologis,Real Estate,102253977600.0,1.223,0.0,3.1,3.9,3.9,10.9
PRU,Prudential Financial,Financials,37703655424.0,1.043,0.0,0.6,10.4,8.9,20.0
PEG,Public Service Enterprise Group,Utilities,42501656576.0,0.468,0.0,11.3,10.3,4.4,26.0
PTC,PTC Inc.,Information Technology,25263144960.0,1.177,0.0,1.1,10.1,4.2,15.5
PSA,Public Storage,Real Estate,50344480768.0,0.848,0.0,5.2,2.4,5.4,13.1
PHM,PulteGroup,Consumer Discretionary,24966088704.0,1.234,0.0,9.3,5.3,4.3,19.0
PWR,Quanta Services,Industrials,56006885376.0,1.102,0.0,13.7,15.3,4.6,33.6
QCOM,Qualcomm,Information Technology,167719780352.0,1.228,0.0,6.1,4.1,3.4,13.6
DGX,Quest Diagnostics,Health Care,20620161024.0,0.459,0.0,0.3,13.9,6.9,21.1
RL,Ralph Lauren Corporation,Consumer Discretionary,17337575424.0,1.543,0.0,1.1,7.0,5.2,13.3
RJF,Raymond James Financial,Financials,32393918464.0,1.061,0.0,3.1,12.4,14.1,29.6
RTX,RTX Corporation,Industrials,209601986560.0,0.672,0.0,7.7,13.4,7.0,28.1
O,Realty Income,Real Estate,54766927872.0,0.768,0.0,5.0,4.5,5.8,15.3
REG,Regency Centers,Real Estate,13101485056.0,1.058,0.0,4.0,3.4,4.0,11.3
REGN,Regeneron Pharmaceuticals,Health Care,62639378432.0,0.327,0.0,2.4,11.4,5.3,19.1
RF,Regions Financial Corporation,Financials,23075084288.0,1.022,0.0,1.4,8.0,6.9,16.3
RSG,Republic Services,Industrials,73717317632.0,0.607,0.0,8.8,6.2,2.2,17.2
RMD,ResMed,Health Care,42322722816.0,0.772,0.0,3.4,11.2,6.2,20.8
RVTY,Revvity,Health Care,10643893248.0,0.916,0.0,1.2,9.4,4.0,14.5
ROK,Rockwell Automation,Industrials,38184833024.0,1.388,0.0,9.4,6.3,4.5,20.2
ROL,"Rollins, Inc.",Industrials,28322361344.0,0.687,0.0,1.6,10.9,4.6,17.0
ROP,Roper Technologies,Information Technology,58167521280.0,0.996,0.0,5.3,11.5,5.1,21.9
ROST,Ross Stores,Consumer Discretionary,47866843136.0,1.121,0.0,4.6,10.7,4.7,20.0
RCL,Royal Caribbean Group,Consumer Discretionary,89398206464.0,2.229,0.0,8.6,7.0,3.6,19.1
SPGI,S&P Global,Financials,170061266944.0,1.188,0.0,2.0,6.6,6.4,15.1
CRM,Salesforce,Information Technology,235606196224.0,1.37,0.0,4.1,10.3,4.1,18.5
SBAC,SBA Communications,Real Estate,24021755904.0,0.767,0.0,4.9,2.3,4.6,11.8
SLB,Schlumberger,Energy,49762111488.0,1.039,0.0,6.8,7.9,4.7,19.4
STX,Seagate Technology,Information Technology,33688033280.0,1.525,0.0,0.8,6.5,4.2,11.6
SRE,Sempra,Utilities,53763694592.0,0.632,0.0,11.3,8.0,4.0,23.3
NOW,ServiceNow,Information Technology,184743804928.0,0.929,0.0,4.1,8.5,3.8,16.3
SHW,Sherwin-Williams,Materials,91537620992.0,1.159,0.0,18.4,9.8,5.2,33.4
SPG,Simon Property Group,Real Estate,65683058688.0,1.516,0.0,4.2,4.4,4.9,13.5
SWKS,Skyworks Solutions,Information Technology,11149912064.0,1.13,0.0,9.9,7.9,6.3,24.1
SJM,J.M. Smucker Company (The),Consumer Staples,12060626944.0,0.292,0.0,13.8,11.4,3.0,28.2
SW,Smurfit Westrock,Materials,21903142912.0,1.029,0.0,13.6,2.5,2.5,18.6
SNA,Snap-on,Industrials,16857124864.0,0.743,0.0,12.4,11.9,6.6,30.9
SOLV,Solventum,Health Care,12631315456.0,,0.0,2.5,10.1,6.6,19.2
SO,Southern Company,Utilities,104427749376.0,0.358,0.0,11.3,10.0,7.0,28.2
LUV,Southwest Airlines,Industrials,16375361536.0,1.251,0.0,6.2,17.2,5.1,28.5
SWK,Stanley Black & Decker,Industrials,11442224128.0,1.152,0.0,6.8,13.6,5.8,26.2
SBUX,Starbucks,Consumer Discretionary,101746024448.0,1.004,0.0,9.0,10.9,3.0,22.9
STT,State Street Corporation,Financials,31742633984.0,1.5,0.0,1.4,10.3,9.5,21.2
STLD,Steel Dynamics,Materials,18466865152.0,1.391,0.0,12.6,13.2,6.4,32.2
STE,Steris,Health Care,24578328576.0,0.922,0.0,4.8,12.1,6.2,23.2
SYK,Stryker Corporation,Health Care,149814640640.0,0.914,0.0,3.0,11.1,4.5,18.5
SMCI,Supermicro,Information Technology,25430415360.0,1.456,0.0,4.4,9.2,5.2,18.8
SYF,Synchrony Financial,Financials,26631911424.0,1.481,0.0,0.2,10.8,5.5,16.5
SNPS,Synopsys,Information Technology,111235497984.0,1.153,0.0,4.3,9.3,3.6,17.2
SYY,Sysco,Consumer Staples,38667628544.0,0.846,0.0,7.1,6.4,2.5,15.9
TMUS,T-Mobile US,Communication Services,291495051264.0,0.613,0.0,3.9,13.1,6.2,23.2
TROW,T. Rowe Price,Financials,23237060608.0,1.49,0.0,1.4,7.9,8.1,17.4
TTWO,Take-Two Interactive,Communication Services,42182754304.0,0.988,0.0,0.3,9.8,4.8,14.9
TPR,"Tapestry, Inc.",Consumer Discretionary,20577220608.0,1.531,0.0,4.4,8.4,3.6,16.3
TRGP,Targa Resources,Energy,35048321024.0,1.129,0.0,15.3,15.8,4.8,35.9
TGT,Target Corporation,Consumer Staples,44841381888.0,1.215,0.0,2.0,12.7,3.5,18.2
TEL,TE Connectivity,Information Technology,59554394112.0,1.227,0.0,7.2,5.7,2.8,15.7
TDY,Teledyne Technologies,Information Technology,25404657664.0,1.072,0.0,8.2,4.7,5.2,18.1
TER,Teradyne,Information Technology,17421783040.0,1.717,0.0,6.3,5.5,3.8,15.7
TSLA,"Tesla, Inc.",Consumer Discretionary,1044723204096.0,2.331,0.0,3.0,14.1,7.6,24.8
TXN,Texas Instruments,Information Technology,182527442944.0,1.022,0.0,10.4,4.8,4.9,20.1
TPL,Texas Pacific Land Corporation,Energy,20568346624.0,1.145,0.0,0.3,1.9,12.0,14.1
TXT,Textron,Industrials,14129873920.0,1.167,0.0,11.6,16.5,5.0,33.1
TMO,Thermo Fisher Scientific,Health Care,186846199808.0,0.748,0.0,1.4,5.1,5.6,12.0
TJX,TJX Companies,Consumer Discretionary,154256785408.0,0.888,0.0,4.1,8.9,4.4,17.4
TKO,TKO Group Holdings,Communication Services,14999018496.0,,0.0,0.4,8.6,7.9,16.9
TTD,Trade Desk (The),Communication Services,25684174848.0,1.365,0.0,,,,
TSCO,Tractor Supply,Consumer Discretionary,32342970368.0,0.74,0.0,3.0,7.1,3.7,13.8
TT,Trane Technologies,Industrials,94858141696.0,1.093,0.0,4.6,5.8,4.4,14.8
TDG,TransDigm Group,Industrials,79012134912.0,1.071,0.0,14.1,17.4,6.7,38.3
TRV,Travelers Companies (The),Financials,61774520320.0,0.527,0.0,0.9,10.6,8.6,20.1
TRMB,Trimble Inc.,Information Technology,19085113344.0,1.698,0.0,2.9,3.2,3.4,9.6
TFC,Truist Financial,Financials,57238241280.0,0.845,0.0,1.6,11.4,10.6,23.7
TYL,Tyler Technologies,Information Technology,24570540032.0,0.851,0.0,5.1,9.3,6.6,21.1
TSN,Tyson Foods,Consumer Staples,20129411072.0,0.571,0.0,16.1,12.7,8.0,36.8
USB,U.S. Bancorp,Financials,72222777344.0,1.029,0.0,1.0,12.0,10.5,23.6
UBER,Uber,Industrials,195466428416.0,1.426,0.0,3.7,12.2,5.8,21.7
UDR,"UDR, Inc.",Real Estate,14648610816.0,0.838,0.0,5.0,3.9,6.6,15.5
ULTA,Ulta Beauty,Consumer Discretionary,23222941696.0,1.121,0.0,2.9,6.9,4.0,13.8
UNP,Union Pacific Corporation,Industrials,133837266944.0,1.054,0.0,8.4,12.8,3.7,24.8
UAL,United Airlines Holdings,Industrials,32321400832.0,1.485,0.0,8.5,15.8,2.7,27.0
UPS,United Parcel Service,Industrials,73687736320.0,1.097,0.0,6.2,9.6,4.8,20.6
URI,United Rentals,Industrials,58027397120.0,1.725,0.0,4.0,6.1,4.3,14.3
UNH,UnitedHealth Group,Health Care,271557279744.0,0.44,0.0,0.1,11.9,4.9,16.9
UHS,Universal Health Services,Health Care,11754067968.0,1.239,0.0,5.0,14.8,6.9,26.7
VLO,Valero Energy,Energy,43649712128.0,1.002,0.0,18.6,8.7,4.0,31.3
VTR,Ventas,Real Estate,31440304128.0,0.893,0.0,3.0,4.2,4.0,11.2
VLTO,Veralto,Industrials,27027214336.0,,0.0,6.2,14.1,3.9,24.1
VRSN,Verisign,Information Technology,25352964096.0,0.777,0.0,6.8,9.0,5.7,21.6
VRSK,Verisk Analytics,Industrials,37841809408.0,0.833,0.0,0.2,13.6,3.9,17.6
VZ,Verizon,Communication Services,189987389440.0,0.362,0.0,4.1,10.1,5.1,19.3
VRTX,Vertex Pharmaceuticals,Health Care,101110358016.0,0.444,0.0,2.1,14.3,4.5,20.9
VTRS,Viatris,Health Care,12416514048.0,0.897,0.0,3.1,13.8,9.1,25.9
VICI,Vici Properties,Real Estate,35158220800.0,0.709,0.0,3.5,3.9,4.0,11.4
V,Visa Inc.,Financials,667547467776.0,0.94,0.0,2.5,7.3,4.4,14.3
VST,Vistra Corp.,Utilities,65361768448.0,1.313,0.0,15.6,8.4,2.2,26.2
VMC,Vulcan Materials Company,Materials,37824458752.0,0.832,0.0,13.1,6.8,8.0,27.9
WRB,W. R. Berkley Corporation,Financials,27551842304.0,0.397,0.0,1.2,9.8,10.6,21.6
GWW,W. W. Grainger,Industrials,47814500352.0,1.173,0.0,3.4,6.5,4.9,14.9
WAB,Wabtec,Industrials,32968286208.0,1.108,0.0,11.9,11.3,4.9,28.1
WBA,Walgreens Boots Alliance,Consumer Staples,10559844352.0,0.768,0.0,1.9,8.3,5.1,15.4
WMT,Walmart,Consumer Staples,818551717888.0,0.664,0.0,7.2,11.4,6.6,25.2
DIS,Walt Disney Company (The),Communication Services,210429722624.0,1.565,0.0,0.1,10.0,5.9,16.0
WBD,Warner Bros. Discovery,Communication Services,28570386432.0,1.576,0.0,1.8,7.1,4.6,13.6
WM,Waste Management,Industrials,92662988800.0,0.644,0.0,8.6,6.9,2.6,18.0
WAT,Waters Corporation,Health Care,17662586880.0,1.046,0.0,1.4,6.3,1.9,9.6
WEC,WEC Energy Group,Utilities,35054424064.0,0.406,0.0,13.7,9.0,3.6,26.3
WFC,Wells Fargo,Financials,250380894208.0,1.196,0.0,1.2,13.7,11.0,25.9
WELL,Welltower,Real Estate,111018426368.0,0.915,0.0,4.2,3.1,4.3,11.6
WST,West Pharmaceutical Services,Health Care,17716520960.0,1.049,0.0,2.9,9.1,5.7,17.6
WDC,Western Digital,Information Technology,26241179648.0,1.642,0.0,3.7,4.0,4.6,12.3
WY,Weyerhaeuser,Real Estate,18773714944.0,1.088,0.0,12.2,4.3,1.7,18.2
WSM,"Williams-Sonoma, Inc.",Consumer Discretionary,24509812736.0,1.473,0.0,3.1,8.6,1.7,13.4
WMB,Williams Companies,Energy,69875924992.0,0.686,0.0,9.3,9.6,2.2,21.2
WTW,Willis Towers Watson,Financials,32748814336.0,0.679,0.0,0.3,8.8,7.4,16.5
WDAY,"Workday, Inc.",Information Technology,60647923712.0,1.238,0.0,1.1,9.3,5.7,16.2
WYNN,Wynn Resorts,Consumer Discretionary,11594475520.0,1.407,0.0,4.4,13.2,4.6,22.2
XEL,Xcel Energy,Utilities,43274637312.0,0.348,0.0,16.0,10.4,2.5,28.9
XYL,Xylem Inc.,Industrials,34532577280.0,1.101,0.0,10.6,8.0,4.4,23.0
YUM,Yum! Brands,Consumer Discretionary,41447223296.0,0.728,0.0,10.3,8.8,3.9,22.9
ZBRA,Zebra Technologies,Information Technology,15494565888.0,1.752,0.0,3.5,3.5,3.9,10.9
ZBH,Zimmer Biomet,Health Care,20940728320.0,0.676,0.0,4.2,15.3,6.1,25.6
ZTS,Zoetis,Health Care,69473361920.0,0.884,0.0,3.2,6.4,5.0,14.6
